education,experience,hours,region,employed,wage
19,21,22,East,0,40.15
10,27,27,West,0,27.55
8,0,26,East,0,12.14
16,34,32,East,1,44.82
12,31,23,North,0,35.28
14,35,25,West,0,42.71
9,9,50,South,0,17.95
12,17,35,West,0,28.13
16,19,45,North,0,41.88
12,4,22,West,0,28.41
18,12,21,West,1,33.58
18,0,49,West,1,36.89
17,4,49,South,1,32.1
19,17,20,West,1,38.9
17,11,27,South,0,39.5
10,2,35,East,0,24.76
19,30,39,North,0,39.5
16,4,45,East,0,35.36
9,8,20,South,0,20.71
11,8,24,East,1,23.91
10,18,20,East,1,26.98
20,35,38,East,1,55.65
17,1,36,North,1,37.06
19,5,36,East,1,38.8
11,11,26,South,0,29.65
16,3,43,East,1,39.24
15,0,48,East,0,28.8
17,32,41,North,0,42.06
9,8,50,South,1,24.16
14,22,45,North,0,38.92
16,31,22,East,1,42.99
18,26,44,South,0,44.07
16,1,39,North,1,38.45
13,12,38,South,1,29.72
13,1,26,West,0,22.88
12,33,30,East,0,28.41
10,16,31,South,1,30.22
11,35,23,West,1,41.44
9,14,30,East,0,20.79
10,20,25,South,0,31.09
19,2,34,North,0,35.16
14,35,47,West,1,42.19
9,30,43,South,1,29.56
13,18,28,South,1,33.14
11,8,38,South,1,28.71
16,15,47,East,1,35.1
18,15,49,North,0,37.82
8,28,29,North,0,25.62
14,10,29,East,1,35.42
13,23,21,East,0,32.39
20,29,43,East,1,51.55
12,7,28,East,0,22.59
10,27,31,North,0,24.59
10,18,31,West,1,26.3
14,7,23,West,0,31.06
15,0,23,North,0,32.73
12,31,38,South,0,39.8
13,31,33,East,1,39.79
16,2,30,South,1,22.74
11,19,44,West,1,32.01
20,3,26,West,1,33.3
10,1,32,East,1,18.69
20,2,29,South,1,44.29
19,33,35,North,1,52.92
20,18,24,East,1,41.01
18,35,50,West,1,47.41
14,27,29,West,0,41.41
15,26,26,North,1,39.38
10,3,41,East,1,21.23
12,15,36,North,1,26.41
14,20,43,West,1,37.61
20,21,50,North,1,48.39
18,4,41,West,1,32.83
15,0,35,West,1,21.91
15,22,29,South,0,44.54
13,3,38,West,1,24.51
13,33,48,North,1,41.02
19,11,36,West,1,37.24
8,33,37,South,1,28.72
12,14,23,West,0,33.28
13,15,33,North,1,30.91
17,27,42,West,1,46.35
13,32,45,North,0,41.93
12,6,48,West,1,24.8
9,15,40,South,1,26.45
11,4,48,East,0,26.81
9,25,21,East,0,33.96
17,25,38,East,1,41.9
13,5,28,East,1,27.87
10,31,30,West,1,30.53
15,35,49,East,1,46.47
14,31,40,East,1,40.77
14,28,33,North,0,34.51
15,26,49,North,0,38.75
16,10,32,South,1,34.5
10,35,50,West,0,33.45
10,11,29,East,0,22.92
17,18,28,North,0,34.22
20,25,39,North,1,48.16
15,27,49,East,1,38.93
13,11,22,North,1,33.59
16,15,42,West,0,36.66
8,17,32,North,1,27.59
12,12,47,East,1,25.01
12,11,44,West,1,30.07
13,32,25,East,0,41.76
17,8,40,East,1,38.34
14,15,50,South,0,32.78
19,5,24,North,1,34.71
14,26,43,South,0,44.19
8,29,23,South,0,29.06
16,17,25,East,0,33.74
18,2,28,West,1,34.17
15,4,36,East,1,31.95
20,9,44,West,1,38.68
13,4,23,East,0,28.95
18,8,21,South,1,40.58
8,18,42,West,0,25.0
8,21,30,South,0,29.95
18,25,38,West,1,44.2
19,33,33,East,0,47.98
14,26,37,East,1,43.95
17,17,30,West,1,41.8
12,12,46,East,0,29.64
17,31,23,South,1,39.22
14,0,43,West,0,22.71
11,26,33,West,0,27.68
9,19,22,East,0,27.1
10,17,47,West,0,27.95
19,6,43,South,0,39.73
13,10,24,South,1,33.67
20,11,36,West,1,36.72
12,1,24,North,0,19.94
8,20,25,West,0,22.82
11,20,29,West,0,32.56
12,14,30,West,0,31.1
17,32,50,North,0,42.28
17,16,35,North,1,36.73
17,2,32,South,1,34.63
12,1,46,East,0,24.87
12,13,21,East,0,33.21
15,6,47,North,1,28.85
15,31,21,East,1,41.7
13,30,23,South,0,35.0
10,34,21,South,1,39.2
18,18,33,South,0,45.24
14,17,50,East,0,36.35
20,31,46,North,1,53.83
20,22,22,West,1,51.46
19,30,38,West,1,53.45
20,7,49,South,0,46.29
16,6,46,East,1,30.87
11,2,28,North,0,20.66
10,14,38,South,1,31.32
9,28,30,East,1,29.6
20,18,26,West,1,38.88
11,19,47,South,0,29.02
8,3,35,North,0,22.5
8,4,34,West,0,17.74
11,3,35,South,1,26.56
20,13,26,North,0,44.01
11,30,47,West,0,30.55
9,26,38,North,1,31.83
16,29,31,East,1,43.11
8,10,38,South,0,19.98
14,13,27,West,0,28.06
9,34,35,West,0,39.21
9,25,43,South,1,26.66
12,24,45,North,1,27.25
8,18,33,North,0,28.16
19,3,42,East,0,35.54
15,26,35,South,0,44.3
20,13,22,West,1,42.58
14,11,50,East,1,32.16
15,26,46,West,0,42.21
15,17,40,West,1,36.79
14,6,21,West,1,30.5
15,32,40,West,0,46.46
15,14,27,West,1,31.96
19,29,48,West,1,49.96
11,14,22,South,0,29.53
19,11,42,South,0,34.86
10,28,32,East,1,36.63
10,31,49,West,0,36.7
11,11,44,North,1,32.64
20,14,39,West,0,41.85
11,19,36,South,0,26.79
18,24,38,South,1,55.01
15,18,38,South,1,33.25
16,25,28,North,0,38.63
9,29,36,South,0,33.47
16,14,27,North,0,35.27
8,30,28,West,1,31.74
15,29,36,West,0,36.79
18,35,39,East,1,42.96
19,16,21,West,1,40.65
20,30,50,North,1,52.46
11,34,25,South,0,36.81
17,33,37,West,1,50.59
15,33,41,West,1,42.19
17,14,28,South,1,39.09
18,32,41,North,1,44.47
14,15,35,North,0,28.79
9,32,20,East,0,28.55
18,29,46,East,1,43.6
16,5,25,North,1,39.87
9,4,23,East,0,16.53
13,23,39,West,1,32.53
9,8,25,South,0,27.5
17,26,32,North,1,41.14
12,28,21,North,1,38.12
8,19,38,East,0,17.71
11,28,47,East,1,31.01
15,19,23,South,1,39.02
15,20,37,East,0,31.71
19,7,46,East,1,39.41
12,21,26,West,1,33.24
16,5,28,West,1,31.03
20,22,34,East,1,45.77
12,28,31,South,0,38.52
8,27,22,South,0,28.85
16,5,33,West,1,36.43
15,28,48,South,1,43.73
12,26,38,South,1,40.59
15,5,29,West,1,29.86
16,2,50,South,0,32.32
18,23,22,West,0,40.16
9,14,26,North,1,27.38
14,17,50,South,1,32.24
11,0,25,North,0,24.79
12,8,45,West,0,26.67
8,23,24,North,0,26.75
13,22,26,West,1,35.97
9,10,44,West,0,20.94
20,12,40,North,1,40.18
15,16,31,North,0,33.77
13,12,28,West,0,29.07
11,10,48,East,0,29.0
20,11,34,East,1,40.73
14,18,22,East,0,33.12
20,19,44,West,1,48.31
16,23,36,East,1,42.93
20,8,25,West,0,40.27
19,6,43,South,0,46.93
17,11,35,North,1,33.46
12,27,35,North,1,41.21
18,30,46,West,1,47.65
12,28,32,North,1,39.52
19,14,21,North,1,40.62
12,33,45,East,0,42.19
9,20,26,North,1,24.25
9,13,35,West,1,27.54
13,21,33,South,1,35.62
16,31,48,South,1,47.02
11,15,20,South,0,27.2
18,3,27,South,1,36.88
11,11,31,East,0,24.48
14,35,38,West,1,40.99
12,16,26,North,1,30.1
15,7,39,North,0,30.02
10,31,25,East,0,32.25
20,13,48,East,0,38.63
20,11,49,South,0,41.63
17,3,22,West,0,38.83
14,34,38,South,1,51.76
17,30,44,South,1,42.18
14,14,30,West,1,30.78
19,17,41,South,1,44.12
8,9,44,West,1,23.18
10,34,46,South,0,30.72
13,33,38,East,0,31.71
16,5,38,East,1,33.87
17,8,24,West,1,40.54
17,32,34,West,0,50.92
20,7,42,North,1,40.38
18,12,44,East,1,44.07
19,29,30,South,1,47.4
12,8,28,South,0,22.74
17,30,42,West,1,44.65
16,23,21,South,0,44.15
15,6,26,North,1,32.19
15,1,43,East,1,27.66
14,6,40,West,1,30.28
13,18,45,East,0,34.66
9,34,44,South,1,34.08
9,17,45,North,1,27.52
8,4,29,South,0,20.67
12,1,33,East,0,28.43
12,6,38,South,0,27.26
20,15,42,East,0,43.24
11,15,31,South,0,30.18
10,10,42,North,0,27.24
8,22,25,East,1,20.82
9,8,28,West,0,26.7
16,9,40,West,0,40.59
12,33,43,North,0,38.23
16,19,22,West,1,41.01
9,21,49,North,0,25.57
17,20,44,West,1,43.28
11,5,30,East,0,21.76
8,20,40,North,1,26.71
19,27,28,West,1,49.18
12,1,23,West,0,21.95
12,13,38,East,0,25.87
8,10,47,South,0,20.67
15,21,47,East,1,36.08
11,32,22,West,1,34.94
11,13,38,North,0,24.25
16,2,22,North,1,35.51
16,22,50,East,1,39.17
9,11,32,West,0,25.49
9,24,48,East,0,23.72
11,5,35,North,0,22.67
18,10,42,North,1,43.96
11,13,20,East,1,25.02
13,29,41,West,0,39.1
9,19,38,East,0,34.62
10,22,25,North,0,30.21
16,25,33,South,1,46.64
17,21,30,South,0,38.21
19,31,20,North,0,47.17
15,7,45,South,1,31.95
11,22,40,North,1,29.97
13,9,32,East,0,30.9
10,20,29,East,1,23.16
11,14,27,West,0,24.79
14,33,43,North,0,46.01
18,1,21,West,1,35.01
11,19,35,West,1,32.3
12,1,26,North,0,30.57
8,13,22,West,0,17.02
8,23,37,North,0,16.88
15,8,28,South,0,38.77
20,11,48,South,1,37.28
15,24,42,West,0,39.57
8,25,32,South,1,22.46
15,23,50,West,1,29.91
9,2,44,East,1,19.86
16,12,35,East,0,37.5
14,26,23,East,0,35.56
12,31,22,South,0,28.36
10,7,45,South,1,24.93
10,14,34,South,1,33.44
12,31,48,East,0,31.18
13,4,34,North,1,30.21
15,32,35,South,0,43.57
16,13,45,South,1,29.79
20,24,34,West,1,51.02
8,15,36,West,1,24.55
20,14,48,East,1,42.8
15,13,27,North,1,39.09
8,0,27,West,1,17.73
19,32,48,West,1,53.68
19,27,48,West,1,56.28
11,33,50,East,1,37.19
10,20,48,East,1,30.87
11,34,20,South,1,34.87
18,2,49,East,0,40.36
19,12,24,East,0,36.55
11,20,47,West,1,29.23
14,17,41,North,0,34.52
17,0,36,East,1,31.91
10,3,34,East,0,19.76
17,16,41,West,0,42.34
10,29,40,West,1,32.09
19,22,36,South,1,37.56
9,10,22,East,0,27.61
20,28,29,South,0,55.32
17,32,25,North,1,44.04
11,10,50,North,0,31.6
18,33,46,North,0,46.19
16,8,20,West,1,30.78
14,20,39,South,0,32.77
17,11,27,North,0,42.9
16,25,35,South,1,46.19
9,2,48,West,0,22.62
10,1,38,East,0,17.88
16,33,49,South,1,47.56
13,6,30,South,0,24.67
12,31,28,West,1,39.51
15,24,46,South,1,37.42
10,21,50,North,0,27.83
20,26,40,East,1,46.59
15,2,45,North,0,22.83
8,1,32,East,0,11.98
14,3,44,West,0,28.33
17,0,25,East,0,28.79
15,33,37,South,1,45.99
14,16,43,East,0,38.43
16,4,32,South,0,27.12
8,11,28,East,0,17.04
14,5,20,North,0,29.11
13,32,34,West,1,46.19
19,28,31,North,1,44.85
15,0,40,South,0,30.98
10,10,31,West,1,19.39
19,23,42,East,1,42.3
11,14,22,East,0,30.18
20,8,50,East,0,39.96
12,14,22,West,1,31.87
19,15,31,North,0,42.52
18,25,28,South,1,44.58
17,19,44,East,1,40.34
16,17,35,South,0,42.77
8,22,43,South,0,26.63
10,29,43,West,1,36.11
19,3,40,West,1,36.09
17,17,38,West,1,39.92
14,27,35,North,0,35.09
18,10,36,East,1,30.96
16,31,44,North,0,42.33
18,7,44,East,0,37.37
14,1,34,North,0,26.23
9,27,46,North,1,32.46
13,27,20,East,1,34.36
10,7,33,South,1,18.93
19,35,41,West,1,45.25
19,21,38,East,0,46.82
10,1,32,North,0,18.37
19,21,48,South,1,44.53
12,12,22,West,0,24.22
10,34,22,South,1,32.06
11,9,34,East,1,26.15
15,3,38,East,0,34.07
11,31,32,South,0,31.71
11,7,44,North,1,20.28
17,11,39,East,1,36.88
13,23,33,West,1,35.9
17,11,28,South,0,35.39
8,11,43,North,0,26.32
9,17,35,East,0,20.21
11,4,46,East,0,21.18
12,19,26,East,0,32.01
11,32,43,South,0,32.75
13,35,41,North,0,41.55
19,26,36,East,0,46.51
13,21,49,East,0,33.62
15,8,42,South,1,40.77
18,31,48,East,1,43.47
10,3,41,South,1,21.06
9,25,29,North,1,31.28
13,30,31,East,0,35.63
16,16,47,South,0,37.81
14,20,20,West,1,38.71
9,29,48,South,0,32.01
16,33,49,East,1,47.08
20,1,46,North,1,36.32
14,18,34,North,0,33.96
19,14,41,West,1,48.18
13,8,29,North,0,30.69
13,31,25,North,1,42.08
12,4,27,North,1,23.42
14,12,47,North,0,31.6
15,15,32,South,1,39.35
9,8,42,West,0,22.76
20,24,37,North,1,42.96
9,23,50,West,0,25.59
15,0,36,West,0,28.75
12,5,33,South,1,31.63
19,14,31,South,1,43.34
16,31,40,North,1,40.99
8,14,22,South,0,23.26
8,15,49,East,1,23.97
10,24,50,North,1,24.97
18,28,23,West,1,45.6
19,7,20,South,0,37.32
15,24,47,East,0,38.56
15,31,48,East,0,38.9
16,32,34,East,0,45.41
14,11,20,South,1,30.54
14,27,23,West,1,36.0
12,29,35,North,0,42.73
14,5,49,East,1,28.15
11,29,44,East,0,29.81
17,33,20,West,1,50.45
16,31,40,West,1,48.63
17,31,45,West,1,41.96
12,9,41,North,0,26.33
13,17,33,South,0,32.22
13,30,23,North,1,36.9
